,bidPrice,askPrice,transportFees,exportTariff,importTariff,sunlight,humidity
0,1097.5,1099.0,0.9,10.5,-5.0,2100.0,70.0
1,1097.5,1099.0,0.9,9.5,-5.0,2099.757,70.02271
2,1096.0,1097.5,0.9,9.5,-5.0,2099.5132,70.045395
3,1096.0,1098.0,0.9,9.5,-5.0,2099.2683,70.06803
4,1096.5,1098.0,0.9,9.5,-5.0,2099.0225,70.09064
5,1097.0,1098.5,0.9,9.5,-5.0,2098.7756,70.1132
6,1096.5,1098.0,0.9,9.5,-5.0,2098.528,70.13572
7,1096.5,1098.0,0.9,9.5,-5.0,2098.2795,70.15821
8,1096.0,1097.5,0.9,9.5,-5.0,2098.03,70.18066
9,1096.5,1098.0,0.9,9.5,-5.0,2097.7795,70.20307
10,1096.5,1098.5,0.9,9.5,-5.0,2097.528,70.22544
11,1095.5,1097.0,0.9,9.5,-5.0,2097.276,70.24778
12,1097.5,1099.0,0.9,9.5,-5.0,2097.0225,70.27007
13,1097.0,1098.5,0.9,9.5,-5.0,2096.7683,70.292336
14,1098.0,1099.5,0.9,9.5,-5.0,2096.5132,70.31456
15,1097.0,1098.5,0.9,9.5,-5.0,2096.2573,70.33675
16,1097.5,1099.0,0.9,9.5,-5.0,2096.0005,70.358894
17,1098.0,1099.5,0.9,9.5,-5.0,2095.7424,70.381004
18,1098.0,1099.5,0.9,9.5,-5.0,2095.484,70.403076
19,1100.0,1101.5,0.9,9.5,-5.0,2095.224,70.42511
20,1100.0,1101.5,0.9,9.5,-5.0,2094.9636,70.44711
21,1100.0,1101.5,0.9,9.5,-5.0,2094.7021,70.46907
22,1101.0,1102.5,0.9,9.5,-5.0,2094.4397,70.491
23,1102.0,1103.5,0.9,9.5,-5.0,2094.1765,70.512886
24,1102.0,1103.5,0.9,9.5,-5.0,2093.9124,70.53474
25,1099.5,1101.0,0.9,9.5,-5.0,2093.6472,70.55655
26,1097.5,1099.0,0.9,9.5,-5.0,2093.381,70.57833
27,1098.0,1099.5,0.9,9.5,-5.0,2093.1143,70.60007
28,1099.0,1100.5,0.9,9.5,-5.0,2092.8464,70.62177
29,1101.0,1102.5,0.9,9.5,-5.0,2092.578,70.64344
30,1101.5,1103.0,0.9,9.5,-5.0,2092.3083,70.66508
31,1103.5,1105.0,0.9,9.5,-5.0,2092.0378,70.68667
32,1102.0,1103.5,0.9,9.5,-5.0,2091.7666,70.70823
33,1101.5,1103.0,0.9,9.5,-5.0,2091.4944,70.72975
34,1101.5,1103.0,0.9,9.5,-5.0,2091.2212,70.75124
35,1101.0,1103.0,0.9,9.5,-5.0,2090.9473,70.77269
36,1101.0,1102.5,0.9,9.5,-5.0,2090.6724,70.794106
37,1100.5,1102.0,0.9,9.5,-5.0,2090.3967,70.81548
38,1101.5,1103.0,0.9,9.5,-5.0,2090.12,70.83683
39,1101.5,1103.0,0.9,9.5,-5.0,2089.8425,70.85814
40,1102.5,1104.0,0.9,9.5,-5.0,2089.5642,70.87941
41,1102.5,1104.0,0.9,9.5,-5.0,2089.2852,70.90064
42,1102.0,1103.5,0.9,9.5,-5.0,2089.005,70.921844
43,1103.0,1104.5,0.9,9.5,-5.0,2088.724,70.94301
44,1103.0,1105.0,0.9,9.5,-5.0,2088.4421,70.964134
45,1103.5,1105.0,0.9,9.5,-5.0,2088.1594,70.98523
46,1103.5,1105.0,0.9,9.5,-5.0,2087.876,71.00629
47,1102.5,1104.0,0.9,9.5,-5.0,2087.5916,71.02731
48,1102.0,1104.0,0.9,9.5,-5.0,2087.3064,71.0483
49,1101.0,1102.5,0.9,9.5,-5.0,2087.0203,71.06925
50,1100.5,1102.0,0.9,9.5,-5.0,2086.7332,71.09017
51,1099.5,1101.0,0.9,9.5,-5.0,2086.4456,71.11105
52,1100.5,1102.0,0.9,9.5,-5.0,2086.1567,71.131905
53,1101.5,1103.0,0.9,9.5,-5.0,2085.8672,71.15272
54,1101.5,1103.0,0.9,9.5,-5.0,2085.577,71.17349
55,1100.0,1101.5,0.9,9.5,-5.0,2085.2856,71.19424
56,1101.0,1102.5,0.9,9.5,-5.0,2084.9937,71.21495
57,1102.0,1103.5,0.9,9.5,-5.0,2084.701,71.23563
58,1102.0,1104.0,0.9,9.5,-5.0,2084.4072,71.25626
59,1101.0,1102.5,0.9,9.5,-5.0,2084.1125,71.27687
60,1100.5,1102.5,0.9,9.5,-5.0,2083.8171,71.29744
61,1101.5,1103.0,0.9,9.5,-5.0,2083.521,71.31798
62,1103.5,1105.0,0.9,9.5,-5.0,2083.2239,71.33848
63,1103.0,1105.0,0.9,9.5,-5.0,2082.926,71.35895
64,1101.5,1103.0,0.9,9.5,-5.0,2082.6274,71.37939
65,1100.5,1102.0,0.9,9.5,-5.0,2082.328,71.39979
66,1100.0,1102.0,0.9,9.5,-5.0,2082.0276,71.42015
67,1099.0,1100.5,0.9,9.5,-5.0,2081.7263,71.44048
68,1097.5,1099.0,0.9,9.5,-5.0,2081.4243,71.460785
69,1098.5,1100.0,0.9,9.5,-5.0,2081.1216,71.48105
70,1098.0,1100.0,0.9,9.5,-5.0,2080.8179,71.50128
71,1098.0,1100.0,0.9,9.5,-5.0,2080.5134,71.52148
72,1099.5,1101.0,0.9,9.5,-5.0,2080.2083,71.54164
73,1099.5,1101.0,0.9,9.5,-5.0,2079.9023,71.561775
74,1099.0,1100.5,0.9,9.5,-5.0,2079.5955,71.58187
75,1101.0,1102.5,0.9,9.5,-5.0,2079.2878,71.60194
76,1101.0,1102.5,0.9,9.5,-5.0,2078.9792,71.62197
77,1100.0,1101.5,0.9,9.5,-5.0,2078.67,71.64197
78,1097.5,1099.0,0.9,9.5,-5.0,2078.3599,71.661934
79,1096.5,1098.0,0.9,9.5,-5.0,2078.049,71.68186
80,1096.0,1098.0,0.9,9.5,-5.0,2077.7375,71.70176
81,1096.0,1097.5,0.9,9.5,-5.0,2077.425,71.72163
82,1095.0,1096.5,0.9,9.5,-5.0,2077.1118,71.74146
83,1095.5,1097.0,0.9,9.5,-5.0,2076.7979,71.76126
84,1096.5,1098.0,0.9,9.5,-5.0,2076.483,71.78103
85,1096.0,1097.5,0.9,9.5,-5.0,2076.1672,71.800766
86,1095.0,1096.5,0.9,9.5,-5.0,2075.8508,71.820465
87,1094.5,1096.5,0.9,9.5,-5.0,2075.5337,71.84013
88,1094.5,1096.0,0.9,9.5,-5.0,2075.2158,71.85977
89,1093.5,1095.0,0.9,9.5,-5.0,2074.8972,71.87938
90,1094.0,1095.5,0.9,9.5,-5.0,2074.5776,71.89896
91,1093.0,1094.5,0.9,9.5,-5.0,2074.2573,71.918495
92,1090.5,1092.0,0.9,9.5,-5.0,2073.9363,71.938
93,1090.5,1092.0,0.9,9.5,-5.0,2073.6145,71.95748
94,1091.5,1093.0,0.9,9.5,-5.0,2073.2917,71.97692
95,1090.5,1092.0,0.9,9.5,-5.0,2072.9685,71.99634
96,1089.5,1091.0,0.9,9.5,-5.0,2072.6443,72.01572
97,1089.0,1090.5,0.9,9.5,-5.0,2072.3196,72.035065
98,1088.5,1090.5,0.9,9.5,-5.0,2071.994,72.05438
99,1088.0,1089.5,0.9,9.5,-5.0,2071.6675,72.07367
100,1088.0,1090.0,0.9,9.5,-5.0,2071.3403,72.09292
101,1087.0,1088.5,0.9,9.5,-5.0,2071.0122,72.112144
102,1086.0,1087.5,0.9,9.5,-5.0,2070.6836,72.13133
103,1087.5,1089.0,0.9,9.5,-5.0,2070.3542,72.1505
104,1087.5,1089.5,0.9,9.5,-5.0,2070.024,72.169624
105,1087.5,1089.5,0.9,9.5,-5.0,2069.693,72.18872
106,1089.0,1090.5,0.9,9.5,-5.0,2069.3613,72.20779
107,1088.0,1089.5,0.9,9.5,-5.0,2069.029,72.22682
108,1087.5,1089.0,0.9,9.5,-5.0,2068.6958,72.24583
109,1088.0,1089.5,0.9,9.5,-5.0,2068.3618,72.26479
110,1088.0,1089.5,0.9,9.5,-5.0,2068.0273,72.28374
111,1086.5,1088.0,0.9,9.5,-5.0,2067.692,72.30265
112,1086.5,1088.0,0.9,9.5,-5.0,2067.3557,72.321526
113,1085.5,1087.0,0.9,9.5,-5.0,2067.0188,72.34038
114,1085.0,1086.5,0.9,9.5,-5.0,2066.6814,72.3592
115,1085.0,1086.5,0.9,9.5,-5.0,2066.343,72.37798
116,1084.5,1086.0,0.9,9.5,-5.0,2066.004,72.39674
117,1084.5,1086.5,0.9,9.5,-5.0,2065.6643,72.41547
118,1084.5,1086.5,0.9,9.5,-5.0,2065.3237,72.434166
119,1085.5,1087.0,0.9,9.5,-5.0,2064.9824,72.452835
120,1084.0,1085.5,0.9,9.5,-5.0,2064.6406,72.47147
121,1085.0,1086.5,0.9,9.5,-5.0,2064.2979,72.490074
122,1085.5,1087.0,0.9,9.5,-5.0,2063.9546,72.50865
123,1086.5,1088.0,0.9,9.5,-5.0,2063.6104,72.5272
124,1086.5,1088.0,0.9,9.5,-5.0,2063.2656,72.545715
125,1086.0,1087.5,0.9,9.5,-5.0,2062.9202,72.5642
126,1086.0,1087.5,0.9,9.5,-5.0,2062.574,72.58266
127,1087.0,1088.5,0.9,9.5,-5.0,2062.227,72.60108
128,1087.0,1088.5,0.9,9.5,-5.0,2061.8794,72.619484
129,1086.0,1087.5,0.9,9.5,-5.0,2061.531,72.63785
130,1087.0,1088.5,0.9,9.5,-5.0,2061.1821,72.65619
131,1086.5,1088.0,0.9,9.5,-5.0,2060.8323,72.67449
132,1086.5,1088.0,0.9,9.5,-5.0,2060.482,72.69277
133,1088.0,1089.5,0.9,9.5,-5.0,2060.1309,72.71102
134,1087.5,1089.0,0.9,9.5,-5.0,2059.779,72.72925
135,1086.0,1087.5,0.9,9.5,-5.0,2059.4265,72.74744
136,1087.0,1088.5,0.9,9.5,-5.0,2059.0732,72.7656
137,1087.5,1089.0,0.9,9.5,-5.0,2058.7195,72.78373
138,1088.0,1089.5,0.9,9.5,-5.0,2058.3647,72.801834
139,1088.0,1090.0,0.9,9.5,-5.0,2058.0095,72.81991
140,1090.5,1092.0,0.9,9.5,-5.0,2057.6536,72.83796
141,1090.5,1092.0,0.9,9.5,-5.0,2057.297,72.85597
142,1089.0,1090.5,0.9,9.5,-5.0,2056.9397,72.87396
143,1089.0,1090.5,0.9,9.5,-5.0,2056.5818,72.89192
144,1089.0,1091.0,0.9,9.5,-5.0,2056.2231,72.90986
145,1090.0,1091.5,0.9,9.5,-5.0,2055.8638,72.92776
146,1091.0,1092.5,0.9,9.5,-5.0,2055.504,72.94563
147,1091.0,1092.5,0.9,9.5,-5.0,2055.143,72.96348
148,1091.0,1092.5,0.9,9.5,-5.0,2054.7817,72.9813
149,1092.0,1093.5,0.9,9.5,-5.0,2054.42,72.99909
150,1091.5,1093.0,0.9,9.5,-5.0,2054.0571,73.01685
151,1091.5,1093.0,0.9,9.5,-5.0,2053.6938,73.034584
152,1090.5,1092.0,0.9,9.5,-5.0,2053.3298,73.05229
153,1090.5,1092.0,0.9,9.5,-5.0,2052.9653,73.06997
154,1090.0,1091.5,0.9,9.5,-5.0,2052.5999,73.087616
155,1091.5,1093.0,0.9,9.5,-5.0,2052.234,73.10524
156,1091.0,1092.5,0.9,9.5,-5.0,2051.8674,73.12283
157,1090.5,1092.0,0.9,9.5,-5.0,2051.5002,73.1404
158,1090.5,1092.0,0.9,9.5,-5.0,2051.1323,73.157936
159,1089.5,1091.0,0.9,9.5,-5.0,2050.7637,73.17545
160,1090.5,1092.0,0.9,9.5,-5.0,2050.3945,73.19293
161,1090.5,1092.0,0.9,9.5,-5.0,2050.0247,73.21039
162,1090.0,1092.0,0.9,9.5,-5.0,2049.6543,73.22782
163,1089.0,1090.5,0.9,9.5,-5.0,2049.2832,73.245224
164,1088.5,1090.5,0.9,9.5,-5.0,2048.9114,73.262596
165,1088.0,1089.5,0.9,9.5,-5.0,2048.539,73.279945
166,1087.0,1088.5,0.9,9.5,-5.0,2048.166,73.297264
167,1088.0,1089.5,0.9,9.5,-5.0,2047.7924,73.31456
168,1087.5,1089.5,0.9,9.5,-5.0,2047.4181,73.331825
169,1087.0,1088.5,0.9,9.5,-5.0,2047.0432,73.34907
170,1088.5,1090.0,0.8,9.5,-5.0,2046.6676,73.36628
171,1089.0,1090.5,0.8,9.5,-5.0,2046.2915,73.38347
172,1089.0,1090.5,0.8,9.5,-4.5,2045.9147,73.40063
173,1086.0,1087.5,0.8,9.5,-4.5,2045.5374,73.41776
174,1086.0,1087.5,0.8,9.5,-4.5,2045.1593,73.43487
175,1085.5,1087.0,0.8,9.5,-4.5,2044.7806,73.45194
176,1085.5,1087.0,0.8,9.5,-4.5,2044.4015,73.469
177,1085.5,1087.0,0.8,9.5,-4.5,2044.0216,73.48603
178,1085.5,1087.5,0.8,9.5,-4.5,2043.6411,73.50303
179,1085.0,1086.5,0.8,9.5,-4.5,2043.26,73.520004
180,1085.5,1087.0,0.8,9.5,-4.5,2042.8784,73.53696
181,1085.5,1087.0,0.8,9.5,-4.5,2042.4961,73.55388
182,1084.5,1086.0,0.8,9.5,-4.5,2042.1132,73.57077
183,1086.0,1087.5,0.8,9.5,-4.5,2041.7297,73.58765
184,1085.5,1087.5,0.8,9.5,-4.5,2041.3456,73.60449
185,1086.5,1088.0,0.8,9.5,-4.5,2040.9609,73.62131
186,1087.5,1089.0,0.8,9.5,-4.5,2040.5757,73.63811
187,1086.5,1088.0,0.8,9.5,-4.5,2040.1898,73.65487
188,1088.0,1089.5,0.8,9.5,-4.5,2039.8033,73.671616
189,1088.0,1090.0,0.8,9.5,-4.5,2039.4163,73.68833
190,1086.0,1087.5,0.8,9.5,-4.5,2039.0287,73.705025
191,1085.5,1087.0,0.8,9.5,-4.5,2038.6404,73.72169
192,1085.5,1087.0,0.8,9.5,-4.5,2038.2516,73.738335
193,1087.5,1089.0,0.8,9.5,-4.5,2037.8622,73.75495
194,1086.5,1088.0,0.8,9.5,-4.5,2037.4722,73.77154
195,1086.0,1087.5,0.8,9.5,-4.5,2037.0817,73.78811
196,1086.5,1088.0,0.8,9.5,-4.5,2036.6906,73.80465
197,1087.5,1089.0,0.8,9.5,-4.5,2036.2988,73.82116
198,1088.5,1090.0,0.8,9.5,-4.5,2035.9066,73.837654
199,1090.5,1092.0,0.8,9.5,-4.5,2035.5137,73.85412
200,1090.5,1092.0,0.8,9.5,-4.5,2035.1202,73.87056
201,1091.5,1093.0,0.8,9.5,-4.5,2034.7263,73.88698
202,1093.0,1094.5,0.8,9.5,-4.5,2034.3318,73.90337
203,1091.0,1092.5,0.8,9.5,-4.5,2033.9366,73.91974
204,1092.0,1093.5,0.8,9.5,-4.5,2033.541,73.93608
205,1091.0,1092.5,0.8,9.5,-4.5,2033.1448,73.9524
206,1091.0,1092.5,0.8,9.5,-4.5,2032.7479,73.9687
207,1091.0,1092.5,0.8,9.5,-4.5,2032.3506,73.98497
208,1091.0,1092.5,0.8,9.5,-4.5,2031.9528,74.00121
209,1091.5,1093.0,0.8,9.5,-4.5,2031.5543,74.01744
210,1091.0,1092.5,0.8,9.5,-4.5,2031.1553,74.03364
211,1091.0,1092.5,0.8,9.5,-4.5,2030.7557,74.04981
212,1089.0,1090.5,0.8,9.5,-4.5,2030.3556,74.06596
213,1087.5,1089.0,0.8,9.5,-4.5,2029.955,74.082085
214,1087.5,1089.5,0.8,9.5,-4.5,2029.5538,74.09819
215,1086.5,1088.0,0.8,9.5,-4.5,2029.1521,74.114265
216,1085.5,1087.0,0.8,9.5,-4.5,2028.7498,74.130325
217,1085.5,1087.0,0.8,9.5,-4.5,2028.347,74.146355
218,1085.5,1087.5,0.8,9.5,-4.5,2027.9437,74.16237
219,1085.5,1087.5,0.8,9.5,-4.5,2027.5398,74.17835
220,1085.5,1087.5,0.8,9.5,-4.5,2027.1354,74.19431
221,1085.5,1087.5,0.8,9.5,-4.5,2026.7305,74.21025
222,1085.0,1086.5,0.8,9.5,-4.5,2026.3251,74.226166
223,1085.0,1086.5,0.8,9.5,-4.5,2025.9191,74.24206
224,1085.0,1086.5,0.8,9.5,-4.5,2025.5126,74.25793
225,1085.0,1087.0,0.8,9.5,-4.5,2025.1056,74.27377
226,1086.0,1087.5,0.8,9.5,-4.5,2024.698,74.2896
227,1086.0,1087.5,0.8,9.5,-4.5,2024.2899,74.3054
228,1086.0,1087.5,0.8,9.5,-4.5,2023.8813,74.321175
229,1088.0,1089.5,0.8,9.5,-4.5,2023.4723,74.33693
230,1085.0,1086.5,0.8,9.5,-4.5,2023.0626,74.35266
231,1084.0,1085.5,0.8,9.5,-4.5,2022.6526,74.36837
232,1083.5,1085.0,0.8,9.5,-4.5,2022.242,74.38406
233,1084.0,1085.5,0.8,9.5,-4.5,2021.8308,74.39973
234,1085.0,1086.5,0.8,9.5,-4.5,2021.4192,74.41537
235,1084.0,1085.5,0.8,9.5,-4.5,2021.007,74.430984
236,1085.0,1086.5,0.8,8.5,-4.5,2020.5944,74.44659
237,1086.0,1087.5,0.8,8.5,-4.5,2020.1813,74.46216
238,1087.0,1088.5,0.8,8.5,-4.5,2019.7676,74.477715
239,1088.0,1089.5,0.8,8.5,-4.5,2019.3535,74.49325
240,1087.0,1088.5,0.8,8.5,-4.5,2018.9388,74.50876
241,1088.0,1089.5,0.8,8.5,-4.5,2018.5237,74.52425
242,1085.5,1087.0,0.8,8.5,-4.5,2018.1082,74.53971
243,1086.5,1088.0,0.8,8.5,-4.5,2017.692,74.55515
244,1088.0,1089.5,0.8,8.5,-4.5,2017.2755,74.57057
245,1088.5,1090.0,0.8,8.5,-4.5,2016.8584,74.585976
246,1088.5,1090.0,0.8,8.5,-4.5,2016.4409,74.60136
247,1086.0,1087.5,0.8,8.5,-4.5,2016.0228,74.616714
248,1088.0,1089.5,0.8,8.5,-4.5,2015.6044,74.63205
249,1087.5,1089.5,0.8,8.5,-4.5,2015.1854,74.64736
250,1087.0,1088.5,0.8,8.5,-4.5,2014.7659,74.66266
251,1088.0,1089.5,0.8,8.5,-4.5,2014.346,74.67793
252,1087.5,1089.0,0.8,8.5,-4.5,2013.9255,74.693184
253,1087.0,1089.0,0.8,8.5,-4.5,2013.5048,74.70841
254,1086.0,1087.5,0.8,8.5,-4.5,2013.0834,74.723625
255,1083.0,1084.5,0.8,8.5,-4.5,2012.6616,74.73881
256,1082.5,1084.5,0.8,8.5,-4.5,2012.2394,74.753975
257,1082.5,1084.5,0.8,8.5,-4.5,2011.8167,74.76913
258,1081.0,1082.5,0.8,8.5,-4.5,2011.3934,74.78425
259,1082.5,1084.0,0.8,8.5,-4.5,2010.9698,74.799355
260,1084.0,1085.5,0.8,8.5,-4.5,2010.5458,74.81444
261,1085.0,1086.5,0.8,8.5,-4.5,2010.1212,74.829506
262,1084.5,1086.5,0.8,8.5,-4.5,2009.6962,74.84455
263,1085.0,1086.5,0.8,8.5,-4.5,2009.2708,74.85957
264,1085.5,1087.0,0.8,8.5,-4.5,2008.8448,74.87457
265,1085.0,1086.5,0.8,8.5,-4.5,2008.4185,74.88956
266,1084.5,1086.5,0.8,8.5,-4.5,2007.9917,74.90452
267,1083.5,1085.0,0.8,8.5,-4.5,2007.5645,74.919464
268,1081.5,1083.0,0.8,8.5,-4.5,2007.1368,74.93439
269,1081.0,1082.5,0.8,8.5,-4.5,2006.7087,74.94929
270,1081.0,1082.5,0.8,8.5,-4.5,2006.2802,74.96417
271,1080.5,1082.0,0.8,8.5,-4.5,2005.8512,74.979034
272,1081.5,1083.0,0.8,8.5,-4.5,2005.4218,74.99388
273,1083.0,1084.5,0.8,8.5,-4.5,2004.992,75.0087
274,1082.0,1083.5,0.8,8.5,-4.5,2004.5616,75.023506
275,1081.5,1083.0,0.8,8.5,-4.5,2004.131,75.03829
276,1082.0,1083.5,0.8,8.5,-4.5,2003.6998,75.053055
277,1081.5,1083.5,0.8,8.5,-4.5,2003.2683,75.0678
278,1080.5,1082.0,0.8,8.5,-4.5,2002.8363,75.08253
279,1080.5,1082.0,0.8,8.5,-4.5,2002.4039,75.09723
280,1081.5,1083.0,0.8,8.5,-4.5,2001.9712,75.11192
281,1081.5,1083.0,0.8,8.5,-4.5,2001.538,75.12659
282,1082.0,1083.5,0.8,8.5,-4.5,2001.1042,75.141235
283,1081.0,1082.5,0.8,8.5,-4.5,2000.6703,75.15587
284,1082.0,1083.5,0.8,8.5,-4.5,2000.2358,75.17048
285,1083.0,1084.5,0.8,8.5,-4.5,1999.8009,75.185074
286,1086.0,1087.5,0.8,8.5,-4.5,1999.3657,75.199646
287,1086.5,1088.0,0.8,8.5,-4.5,1998.9299,75.2142
288,1087.5,1089.0,0.8,8.5,-4.5,1998.4939,75.22874
289,1088.5,1090.0,0.8,8.5,-4.5,1998.0574,75.243256
290,1090.0,1091.5,0.8,8.5,-4.5,1997.6206,75.25775
291,1090.0,1091.5,0.8,8.5,-4.5,1997.1832,75.27223
292,1089.0,1090.5,0.8,8.5,-4.5,1996.7456,75.2867
293,1089.0,1091.0,0.8,8.5,-4.5,1996.3075,75.30114
294,1088.5,1090.0,0.8,8.5,-4.5,1995.8691,75.31557
295,1087.5,1089.0,0.8,8.5,-4.5,1995.4303,75.32997
296,1088.5,1090.0,0.8,8.5,-4.5,1994.991,75.34436
297,1089.5,1091.0,0.8,8.5,-4.5,1994.5514,75.358734
298,1091.0,1092.5,0.8,8.5,-4.5,1994.1115,75.373085
299,1091.0,1092.5,0.8,8.5,-4.5,1993.671,75.38742
300,1091.0,1092.5,0.8,8.5,-4.5,1993.2302,75.40174
301,1090.0,1091.5,0.8,8.5,-4.5,1992.7891,75.41604
302,1090.0,1091.5,0.8,8.5,-4.5,1992.3477,75.43032
303,1090.0,1091.5,0.8,8.5,-4.5,1991.9058,75.44459
304,1090.0,1091.5,0.8,8.5,-4.5,1991.4635,75.45884
305,1090.0,1092.0,0.8,8.5,-4.5,1991.0209,75.47307
306,1092.0,1093.5,0.8,8.5,-4.5,1990.5779,75.48728
307,1092.0,1094.0,0.8,8.5,-4.5,1990.1344,75.50147
308,1092.0,1094.0,0.8,8.5,-4.5,1989.6907,75.51565
309,1094.0,1095.5,0.8,8.5,-4.5,1989.2466,75.52981
310,1093.5,1095.0,0.8,8.5,-4.5,1988.8021,75.54395
311,1093.0,1094.5,0.8,8.5,-4.5,1988.3573,75.55808
312,1091.5,1093.0,0.8,8.5,-4.5,1987.9122,75.57219
313,1091.0,1092.5,0.8,8.5,-4.5,1987.4667,75.58628
314,1089.5,1091.0,0.8,8.5,-4.5,1987.0208,75.60036
315,1089.5,1091.0,0.8,8.5,-4.5,1986.5746,75.61442
316,1090.0,1091.5,0.8,8.5,-4.5,1986.1279,75.628456
317,1090.5,1092.0,0.8,8.5,-4.5,1985.681,75.64248
318,1088.5,1090.0,0.8,8.5,-4.5,1985.2338,75.656494
319,1090.0,1091.5,0.8,8.5,-4.5,1984.7861,75.67049
320,1089.0,1090.5,0.8,8.5,-4.5,1984.3381,75.684456
321,1088.0,1089.5,0.8,8.5,-4.5,1983.8899,75.69842
322,1086.5,1088.0,0.8,8.5,-4.5,1983.4412,75.712364
323,1087.5,1089.0,0.8,8.5,-4.5,1982.9922,75.72629
324,1087.0,1088.5,0.8,8.5,-4.5,1982.543,75.7402
325,1087.0,1088.5,0.8,8.5,-4.5,1982.0933,75.75409
326,1087.0,1088.5,0.8,8.5,-4.5,1981.6433,75.76797
327,1086.5,1088.0,0.8,8.5,-4.5,1981.193,75.78183
328,1087.5,1089.0,0.8,8.5,-4.5,1980.7424,75.79568
329,1087.5,1089.0,0.8,8.5,-4.5,1980.2914,75.80951
330,1087.5,1089.0,0.8,8.5,-4.5,1979.8401,75.823326
331,1089.0,1090.5,0.8,8.5,-4.5,1979.3885,75.83712
332,1088.0,1089.5,0.8,8.5,-4.5,1978.9366,75.85091
333,1088.0,1089.5,0.8,8.5,-4.5,1978.4844,75.86468
334,1088.5,1090.0,0.8,8.5,-4.5,1978.0319,75.878426
335,1088.0,1089.5,0.8,8.5,-4.5,1977.579,75.892166
336,1089.0,1090.5,0.8,8.5,-4.5,1977.1257,75.90588
337,1091.0,1092.5,0.8,8.5,-4.5,1976.6722,75.91959
338,1093.0,1094.5,0.8,8.5,-4.5,1976.2185,75.93328
339,1093.5,1095.0,0.8,8.5,-4.5,1975.7644,75.94696
340,1093.5,1095.0,0.8,8.5,-4.5,1975.3099,75.96062
341,1094.5,1096.0,0.8,8.5,-4.5,1974.8552,75.974266
342,1092.5,1094.0,0.8,8.5,-4.5,1974.4003,75.9879
343,1093.0,1094.5,0.8,8.5,-4.5,1973.945,76.00151
344,1093.0,1095.0,0.8,8.5,-4.5,1973.4894,76.015114
345,1093.5,1095.0,0.8,8.5,-4.5,1973.0334,76.0287
346,1092.0,1093.5,0.8,8.5,-4.5,1972.5773,76.042274
347,1093.5,1095.0,0.8,8.5,-4.5,1972.1207,76.05583
348,1095.0,1096.5,0.8,8.5,-4.5,1971.664,76.069374
349,1095.5,1097.0,0.8,8.5,-4.5,1971.2069,76.0829
350,1095.5,1097.0,0.8,8.5,-4.5,1970.7496,76.09641
351,1096.5,1098.0,0.8,8.5,-4.5,1970.292,76.10992
352,1095.5,1097.0,0.8,8.5,-4.5,1969.834,76.1234
353,1095.0,1096.5,0.8,8.5,-4.5,1969.3759,76.13687
354,1093.5,1095.0,0.8,8.5,-4.5,1968.9174,76.15033
355,1093.0,1095.0,0.8,8.5,-4.5,1968.4586,76.16377
356,1094.0,1095.5,0.8,8.5,-4.5,1967.9996,76.1772
357,1095.0,1096.5,0.8,8.5,-4.5,1967.5403,76.19061
358,1094.5,1096.5,0.8,8.5,-4.5,1967.0808,76.20402
359,1095.5,1097.0,0.8,8.5,-4.5,1966.621,76.21741
360,1094.0,1095.5,0.8,8.5,-4.5,1966.1609,76.23078
361,1092.5,1094.0,0.8,8.5,-4.5,1965.7004,76.24414
362,1092.5,1094.0,0.8,8.5,-4.5,1965.2399,76.257484
363,1092.0,1093.5,0.8,8.5,-4.5,1964.7789,76.27082
364,1090.0,1091.5,0.8,8.5,-4.5,1964.3179,76.284134
365,1090.0,1091.5,0.8,8.5,-4.5,1963.8564,76.29745
366,1089.0,1090.5,0.8,8.5,-4.5,1963.3948,76.31074
367,1088.5,1090.0,0.8,8.5,-4.5,1962.9329,76.32401
368,1087.5,1089.0,0.8,8.5,-4.5,1962.4707,76.33728
369,1085.5,1087.0,0.8,8.5,-4.5,1962.0083,76.35053
370,1086.5,1088.0,0.8,8.5,-4.5,1961.5457,76.36378
371,1087.5,1089.0,0.8,8.5,-4.5,1961.0828,76.37701
372,1086.5,1088.0,0.8,8.5,-4.5,1960.6196,76.39022
373,1088.0,1089.5,0.8,8.5,-4.5,1960.1562,76.40342
374,1087.0,1088.5,0.8,8.5,-4.5,1959.6925,76.41661
375,1085.5,1087.0,0.8,8.5,-4.5,1959.2286,76.42979
376,1086.5,1088.0,0.8,8.5,-4.5,1958.7646,76.44295
377,1087.0,1088.5,0.8,8.5,-4.5,1958.3003,76.4561
378,1088.0,1089.5,0.8,8.5,-4.5,1957.8357,76.46924
379,1087.5,1089.0,0.8,8.5,-4.5,1957.3708,76.48237
380,1087.5,1089.0,0.8,8.5,-4.5,1956.9059,76.49548
381,1087.5,1089.0,0.8,8.5,-4.5,1956.4406,76.50858
382,1086.5,1088.0,0.8,8.5,-4.5,1955.9751,76.521675
383,1085.5,1087.0,0.8,8.5,-4.5,1955.5094,76.53475
384,1086.0,1087.5,0.8,8.5,-4.5,1955.0435,76.54781
385,1088.0,1089.5,0.8,8.5,-4.5,1954.5774,76.56087
386,1089.0,1090.5,0.8,8.5,-4.5,1954.111,76.57391
387,1090.5,1092.0,0.8,8.5,-4.5,1953.6444,76.58694
388,1090.5,1092.5,0.8,8.5,-4.5,1953.1776,76.59996
389,1091.0,1092.5,0.8,8.5,-4.5,1952.7106,76.61297
390,1090.5,1092.5,0.8,8.5,-4.5,1952.2434,76.62596
391,1091.0,1092.5,0.8,8.5,-4.5,1951.776,76.63894
392,1092.5,1094.0,0.8,8.5,-4.5,1951.3083,76.65192
393,1092.0,1094.0,0.8,8.5,-4.5,1950.8406,76.66487
394,1092.0,1094.0,0.8,8.5,-4.5,1950.3724,76.677826
395,1092.0,1094.0,0.8,8.5,-4.5,1949.9043,76.69076
396,1092.0,1094.0,0.8,8.5,-4.5,1949.4358,76.70369
397,1092.0,1093.5,0.8,8.5,-4.5,1948.9672,76.7166
398,1091.5,1093.0,0.8,8.5,-4.5,1948.4984,76.72951
399,1091.5,1093.0,0.8,8.5,-4.5,1948.0293,76.7424
400,1092.5,1094.0,0.8,8.5,-4.5,1947.5602,76.75528
401,1093.5,1095.0,0.8,8.5,-4.5,1947.0907,76.76815
402,1092.5,1094.0,0.8,8.5,-4.5,1946.6212,76.78101
403,1092.0,1093.5,0.8,8.5,-4.5,1946.1514,76.79386
404,1092.5,1094.0,0.8,8.5,-4.5,1945.6814,76.8067
405,1092.5,1094.0,0.8,8.5,-4.5,1945.2113,76.81953
406,1092.5,1094.0,0.8,8.5,-4.5,1944.741,76.832344
407,1090.5,1092.0,0.8,8.5,-4.5,1944.2705,76.84515
408,1091.5,1093.0,0.8,8.5,-4.5,1943.7998,76.85795
409,1091.5,1093.0,0.8,8.5,-4.5,1943.329,76.870735
410,1091.0,1092.5,0.8,8.5,-4.5,1942.858,76.883514
411,1090.5,1092.0,0.8,8.5,-4.5,1942.3868,76.89628
412,1091.0,1092.5,0.8,8.5,-4.5,1941.9155,76.909035
413,1090.5,1092.0,0.8,8.5,-4.5,1941.444,76.92178
414,1090.0,1091.5,0.8,8.5,-4.5,1940.9723,76.93452
415,1090.5,1092.0,0.8,8.5,-4.5,1940.5005,76.94724
416,1090.5,1092.0,0.8,8.5,-4.5,1940.0284,76.95996
417,1089.0,1090.5,0.8,8.5,-4.5,1939.5563,76.972664
418,1090.0,1091.5,0.8,8.5,-4.5,1939.084,76.98537
419,1088.5,1090.0,0.8,8.5,-4.5,1938.6115,76.998055
420,1088.5,1090.0,0.8,8.5,-4.5,1938.1388,77.01073
421,1088.5,1090.0,0.8,8.5,-4.5,1937.666,77.0234
422,1088.0,1090.0,0.8,8.5,-4.5,1937.1931,77.03606
423,1088.0,1090.0,0.8,8.5,-4.5,1936.7201,77.048706
424,1089.5,1091.0,0.8,8.5,-4.5,1936.2468,77.06134
425,1090.0,1091.5,0.8,8.5,-4.5,1935.7734,77.073975
426,1089.5,1091.5,0.8,8.5,-4.5,1935.2999,77.08659
427,1088.0,1089.5,0.8,8.5,-4.5,1934.8263,77.099205
428,1088.5,1090.0,0.8,8.5,-4.5,1934.3525,77.11181
429,1090.0,1091.5,0.8,8.5,-4.5,1933.8787,77.124405
430,1091.5,1093.0,0.8,8.5,-4.5,1933.4045,77.13699
431,1090.0,1091.5,0.8,8.5,-4.5,1932.9304,77.14957
432,1089.5,1091.0,0.8,8.5,-4.5,1932.456,77.16214
433,1090.5,1092.0,0.8,8.5,-4.5,1931.9816,77.1747
434,1089.5,1091.0,0.8,8.5,-4.5,1931.5071,77.18725
435,1088.0,1089.5,0.8,8.5,-4.5,1931.0323,77.19979
436,1089.5,1091.0,0.8,8.5,-4.5,1930.5575,77.21232
437,1091.0,1092.5,0.8,8.5,-4.5,1930.0826,77.224846
438,1092.0,1093.5,0.8,8.5,-4.5,1929.6075,77.237366
439,1090.0,1091.5,0.8,8.5,-4.5,1929.1323,77.24987
440,1090.0,1092.0,0.8,8.5,-4.5,1928.6571,77.262375
441,1090.0,1091.5,0.8,8.5,-4.5,1928.1816,77.274864
442,1089.5,1091.0,0.8,8.5,-4.5,1927.7062,77.28735
443,1087.5,1089.0,0.8,8.5,-4.5,1927.2305,77.29983
444,1087.0,1088.5,0.8,8.5,-4.5,1926.7548,77.312294
445,1085.5,1087.0,0.8,8.5,-4.5,1926.2789,77.32475
446,1087.0,1088.5,0.8,8.5,-4.5,1925.803,77.337204
447,1086.5,1088.5,0.8,8.5,-4.5,1925.3269,77.349655
448,1086.5,1088.5,0.8,8.5,-4.5,1924.8508,77.36209
449,1086.0,1087.5,0.8,8.5,-4.5,1924.3745,77.37452
450,1087.0,1088.5,0.8,8.5,-4.5,1923.8982,77.38694
451,1088.0,1089.5,0.8,8.5,-4.5,1923.4218,77.39935
452,1087.5,1089.0,0.8,8.5,-4.5,1922.9452,77.411766
453,1088.5,1090.0,0.8,8.5,-4.5,1922.4686,77.424164
454,1088.5,1090.5,0.8,8.5,-4.5,1921.992,77.436554
455,1088.0,1089.5,0.8,8.5,-4.5,1921.5151,77.448944
456,1085.5,1087.0,0.8,8.5,-4.5,1921.0382,77.46132
457,1086.5,1088.0,0.8,8.5,-4.5,1920.5613,77.473694
458,1086.5,1088.0,0.8,8.5,-4.5,1920.0842,77.48606
459,1087.5,1089.0,0.8,8.5,-4.5,1919.607,77.49841
460,1086.0,1087.5,0.8,8.5,-4.5,1919.1299,77.510765
461,1086.0,1087.5,0.8,8.5,-4.5,1918.6526,77.52311
462,1084.5,1086.0,0.8,8.5,-4.5,1918.1753,77.535446
463,1085.5,1087.0,0.8,8.5,-4.5,1917.6979,77.547775
464,1083.5,1085.0,0.8,8.5,-4.5,1917.2203,77.560104
465,1083.0,1084.5,0.8,8.5,-4.5,1916.7428,77.57242
466,1084.0,1085.5,0.8,8.5,-4.5,1916.2651,77.58473
467,1084.0,1086.0,0.8,8.5,-4.5,1915.7875,77.59704
468,1084.0,1086.0,0.8,8.5,-4.5,1915.3097,77.60934
469,1084.0,1086.0,0.8,8.5,-4.5,1914.8319,77.62163
470,1084.0,1086.0,0.8,8.5,-4.5,1914.354,77.63392
471,1084.0,1085.5,0.8,8.5,-4.5,1913.8761,77.646194
472,1084.0,1085.5,0.8,8.5,-4.5,1913.3981,77.65847
473,1083.5,1085.5,0.8,8.5,-4.5,1912.92,77.67074
474,1082.5,1084.0,0.8,8.5,-4.5,1912.442,77.683
475,1082.0,1083.5,0.8,8.5,-4.5,1911.9639,77.69526
476,1081.0,1082.5,0.8,8.5,-4.5,1911.4857,77.70751
477,1080.5,1082.5,0.8,8.5,-4.5,1911.0074,77.71976
478,1080.0,1081.5,0.8,8.5,-4.5,1910.5292,77.731995
479,1078.5,1080.0,0.8,8.5,-4.5,1910.0509,77.74423
480,1079.0,1080.5,0.8,8.5,-4.5,1909.5725,77.75646
481,1079.0,1080.5,0.8,8.5,-4.5,1909.0941,77.768684
482,1080.0,1081.5,0.8,8.5,-4.5,1908.6157,77.7809
483,1081.5,1083.0,0.8,8.5,-4.5,1908.1372,77.79311
484,1082.0,1083.5,0.8,8.5,-4.5,1907.6587,77.80532
485,1081.5,1083.5,0.8,8.5,-4.5,1907.1802,77.81753
486,1082.0,1083.5,0.8,8.5,-4.5,1906.7017,77.82972
487,1082.5,1084.0,0.8,8.5,-4.5,1906.223,77.84191
488,1084.0,1085.5,0.8,8.5,-4.5,1905.7445,77.8541
489,1083.5,1085.0,0.8,8.5,-4.5,1905.2659,77.86629
490,1084.5,1086.0,0.8,8.5,-4.5,1904.7872,77.87846
491,1084.5,1086.0,0.8,8.5,-4.5,1904.3086,77.89064
492,1084.0,1086.0,0.8,8.5,-4.5,1903.8298,77.90281
493,1084.0,1086.0,0.8,8.5,-4.5,1903.3512,77.91497
494,1084.0,1086.0,0.8,8.5,-4.5,1902.8724,77.92713
495,1085.5,1087.0,0.8,8.5,-4.5,1902.3937,77.939285
496,1085.5,1087.0,0.8,8.5,-4.5,1901.915,77.95144
497,1086.0,1087.5,0.8,8.5,-4.5,1901.4363,77.963585
498,1086.0,1088.0,0.8,8.5,-4.5,1900.9575,77.97572
499,1086.5,1088.0,0.8,8.5,-4.5,1900.4788,77.98787
500,1085.5,1087.0,0.8,8.5,-4.5,1900.0,78.0
501,1086.0,1087.5,1.2,8.5,-4.5,1899.5212,78.01213
502,1086.5,1088.0,1.1,8.5,-4.5,1899.0425,78.024254
503,1088.0,1089.5,1.1,8.5,-4.5,1898.5637,78.03638
504,1086.5,1088.0,1.1,8.5,-4.5,1898.085,78.0485
505,1085.0,1086.5,1.1,8.5,-4.5,1897.6063,78.060616
506,1084.5,1086.5,1.1,8.5,-4.5,1897.1276,78.07272
507,1084.5,1086.0,1.1,8.5,-4.5,1896.6488,78.08483
508,1086.0,1087.5,1.1,8.5,-4.5,1896.1702,78.09694
509,1085.5,1087.5,1.1,8.5,-4.5,1895.6914,78.10904
510,1085.0,1086.5,1.1,8.5,-4.5,1895.2128,78.12114
511,1084.0,1085.5,1.1,8.5,-4.5,1894.7341,78.13323
512,1083.5,1085.5,1.1,8.5,-4.5,1894.2555,78.145325
513,1084.5,1086.0,1.1,8.5,-4.5,1893.777,78.15741
514,1085.5,1087.0,1.1,8.5,-4.5,1893.2983,78.169495
515,1085.5,1087.5,1.1,8.5,-4.5,1892.8198,78.18158
516,1086.5,1088.0,1.1,8.5,-4.5,1892.3413,78.19366
517,1087.5,1089.0,1.1,8.5,-4.5,1891.8628,78.205734
518,1087.5,1089.0,1.1,8.5,-4.5,1891.3843,78.217804
519,1087.5,1089.0,1.1,8.5,-4.5,1890.9059,78.22987
520,1086.5,1088.0,1.1,8.5,-4.5,1890.4275,78.24194
521,1086.0,1088.0,1.1,8.5,-4.5,1889.9491,78.254005
522,1086.0,1088.0,1.1,8.5,-4.5,1889.4708,78.26607
523,1085.5,1087.0,1.1,8.5,-4.5,1888.9926,78.27813
524,1086.5,1088.0,1.1,8.5,-4.5,1888.5143,78.290184
525,1086.5,1088.5,1.1,8.5,-4.5,1888.0361,78.30224
526,1088.0,1089.5,1.1,8.5,-4.5,1887.558,78.31429
527,1088.0,1089.5,1.1,8.5,-4.5,1887.08,78.32635
528,1088.5,1090.0,1.1,8.5,-4.5,1886.6019,78.338394
529,1088.5,1090.0,1.1,8.5,-4.5,1886.1239,78.35044
530,1088.0,1090.0,1.1,8.5,-4.5,1885.646,78.36249
531,1089.0,1090.5,1.1,8.5,-4.5,1885.1681,78.37453
532,1088.0,1089.5,1.1,8.5,-4.5,1884.6903,78.386566
533,1087.0,1088.5,1.1,8.5,-4.5,1884.2125,78.398605
534,1088.5,1090.0,1.1,8.5,-4.5,1883.7349,78.410645
535,1090.0,1091.5,1.1,8.5,-4.5,1883.2572,78.422676
536,1090.0,1091.5,1.1,8.5,-4.5,1882.7797,78.434715
537,1089.5,1091.5,1.1,8.5,-4.5,1882.3021,78.44675
538,1090.5,1092.0,1.1,8.5,-4.5,1881.8247,78.45878
539,1091.0,1092.5,1.1,8.5,-4.5,1881.3474,78.4708
540,1090.0,1091.5,1.1,8.5,-4.5,1880.8701,78.482834
541,1091.0,1092.5,1.1,8.5,-4.5,1880.393,78.49486
542,1090.0,1091.5,1.1,8.5,-4.5,1879.9158,78.50689
543,1090.5,1092.0,1.1,8.5,-4.5,1879.4387,78.51891
544,1091.0,1092.5,1.1,8.5,-4.5,1878.9618,78.53094
545,1091.0,1092.5,1.1,8.5,-4.5,1878.4849,78.54295
546,1090.5,1092.0,1.1,8.5,-4.5,1878.008,78.55498
547,1090.0,1091.5,1.1,8.5,-4.5,1877.5314,78.567
548,1088.5,1090.0,1.1,8.5,-4.5,1877.0548,78.57902
549,1089.5,1091.0,1.1,8.5,-4.5,1876.5782,78.59104
550,1089.5,1091.5,1.1,8.5,-4.5,1876.1018,78.60306
551,1089.5,1091.5,1.1,8.5,-4.5,1875.6255,78.615074
552,1088.5,1090.0,1.1,8.5,-4.5,1875.1492,78.62709
553,1089.0,1090.5,1.1,8.5,-4.5,1874.6731,78.639114
554,1090.0,1091.5,1.1,8.5,-4.5,1874.197,78.65113
555,1090.0,1092.0,1.1,8.5,-4.5,1873.7211,78.66315
556,1090.0,1092.0,1.1,8.5,-4.5,1873.2452,78.67516
557,1091.0,1092.5,1.1,8.5,-4.5,1872.7695,78.68718
558,1090.0,1091.5,1.1,8.5,-4.5,1872.2938,78.699196
559,1089.5,1091.0,1.1,8.5,-4.5,1871.8184,78.71121
560,1089.5,1091.0,1.1,8.5,-4.5,1871.3429,78.72323
561,1089.0,1090.5,1.1,8.5,-4.5,1870.8677,78.735245
562,1088.5,1090.5,1.1,8.5,-5.0,1870.3925,78.74726
563,1088.5,1090.5,1.1,8.5,-5.0,1869.9174,78.75928
564,1089.0,1090.5,1.1,8.5,-5.0,1869.4425,78.77129
565,1089.0,1091.0,1.1,8.5,-5.0,1868.9677,78.78331
566,1088.0,1089.5,1.1,8.5,-5.0,1868.4929,78.79533
567,1089.0,1090.5,1.1,8.5,-5.0,1868.0184,78.80735
568,1089.0,1090.5,1.1,8.5,-5.0,1867.544,78.81937
569,1089.0,1090.5,1.1,8.5,-5.0,1867.0696,78.83139
570,1089.5,1091.0,1.1,8.5,-5.0,1866.5955,78.84341
571,1090.0,1091.5,1.1,8.5,-5.0,1866.1213,78.85543
572,1089.5,1091.5,1.1,8.5,-5.0,1865.6475,78.867455
573,1090.0,1091.5,1.1,8.5,-5.0,1865.1737,78.87948
574,1089.5,1091.0,1.1,8.5,-5.0,1864.7001,78.8915
575,1091.5,1093.0,1.1,8.5,-5.0,1864.2266,78.90353
576,1090.0,1091.5,1.1,8.5,-5.0,1863.7532,78.91555
577,1089.0,1090.5,1.1,8.5,-5.0,1863.2799,78.92758
578,1088.5,1090.5,1.1,8.5,-5.0,1862.8069,78.939606
579,1090.0,1091.5,1.1,8.5,-5.0,1862.334,78.95164
580,1089.0,1090.5,1.1,8.5,-5.0,1861.8612,78.96367
581,1088.5,1090.0,1.1,8.5,-5.0,1861.3885,78.97571
582,1087.0,1088.5,1.1,8.5,-5.0,1860.916,78.98774
583,1086.5,1088.5,1.1,8.5,-5.0,1860.4437,78.99978
584,1086.5,1088.0,1.1,8.5,-5.0,1859.9716,79.01182
585,1084.0,1085.5,1.1,8.5,-5.0,1859.4995,79.02386
586,1083.5,1085.0,1.1,8.5,-5.0,1859.0277,79.0359
587,1083.5,1085.0,1.1,8.5,-5.0,1858.556,79.04794
588,1082.5,1084.0,1.1,8.5,-5.0,1858.0845,79.05999
589,1082.5,1084.0,1.1,8.5,-5.0,1857.6132,79.07204
590,1081.5,1083.0,1.1,8.5,-5.0,1857.142,79.08408
591,1082.0,1083.5,1.1,8.5,-5.0,1856.671,79.09614
592,1083.5,1085.0,1.1,8.5,-5.0,1856.2002,79.10819
593,1084.0,1085.5,1.1,8.5,-5.0,1855.7295,79.12025
594,1085.5,1087.0,1.1,8.5,-5.0,1855.259,79.13231
595,1084.5,1086.0,1.1,8.5,-5.0,1854.7887,79.14437
596,1084.5,1086.0,1.1,8.5,-5.0,1854.3186,79.15643
597,1084.0,1085.5,1.1,8.5,-5.0,1853.8486,79.1685
598,1084.0,1085.5,1.1,8.5,-5.0,1853.3788,79.18057
599,1083.0,1084.5,1.1,8.5,-5.0,1852.9093,79.19264
600,1080.5,1082.0,1.1,8.5,-5.0,1852.4398,79.20472
601,1080.5,1082.5,1.1,8.5,-5.0,1851.9707,79.2168
602,1080.5,1082.0,1.1,8.5,-5.0,1851.5016,79.228874
603,1080.0,1081.5,1.1,8.5,-5.0,1851.0328,79.24096
604,1081.0,1082.5,1.1,8.5,-5.0,1850.5642,79.25305
605,1080.5,1082.0,1.1,8.5,-5.0,1850.0957,79.26514
606,1081.5,1083.0,1.1,8.5,-5.0,1849.6276,79.27723
607,1082.5,1084.0,1.1,8.5,-5.0,1849.1594,79.28933
608,1082.5,1084.5,1.1,8.5,-5.0,1848.6917,79.30143
609,1083.0,1084.5,1.1,8.5,-5.0,1848.224,79.31353
610,1083.0,1084.5,1.1,8.5,-5.0,1847.7566,79.32564
611,1081.5,1083.0,1.1,8.5,-5.0,1847.2894,79.33775
612,1082.0,1083.5,1.1,8.5,-5.0,1846.8224,79.34987
613,1083.0,1084.5,1.1,8.5,-5.0,1846.3556,79.361984
614,1082.5,1084.5,1.1,8.5,-5.0,1845.889,79.37411
615,1083.0,1084.5,1.1,8.5,-5.0,1845.4226,79.38623
616,1082.5,1084.0,1.1,8.5,-5.0,1844.9565,79.39836
617,1082.0,1083.5,1.1,8.5,-5.0,1844.4906,79.41049
618,1080.5,1082.0,1.1,8.5,-5.0,1844.0249,79.42263
619,1083.0,1084.5,1.1,8.5,-5.0,1843.5594,79.43478
620,1084.0,1085.5,1.1,8.5,-5.0,1843.0941,79.44692
621,1084.0,1085.5,1.1,8.5,-5.0,1842.6292,79.45907
622,1082.5,1084.0,1.1,8.5,-5.0,1842.1643,79.47122
623,1081.5,1083.0,1.1,8.5,-5.0,1841.6997,79.48338
624,1080.0,1081.5,1.1,8.5,-5.0,1841.2354,79.495544
625,1079.5,1081.0,1.1,8.5,-5.0,1840.7714,79.50771
626,1078.0,1079.5,1.1,8.5,-5.0,1840.3075,79.51988
627,1077.5,1079.0,1.1,8.5,-5.0,1839.8438,79.53207
628,1081.5,1083.0,1.1,8.5,-5.0,1839.3804,79.54424
629,1081.0,1083.0,1.1,8.5,-5.0,1838.9172,79.556435
630,1080.5,1082.0,1.1,8.5,-5.0,1838.4543,79.56863
631,1081.5,1083.0,1.1,8.5,-5.0,1837.9917,79.58082
632,1081.0,1083.0,1.1,8.5,-5.0,1837.5293,79.59302
633,1080.0,1081.5,1.1,8.5,-5.0,1837.0671,79.605225
634,1079.0,1080.5,1.1,8.5,-5.0,1836.6052,79.61744
635,1080.0,1081.5,1.1,8.5,-5.0,1836.1436,79.629654
636,1080.0,1082.0,1.1,8.5,-5.0,1835.6821,79.64188
637,1080.0,1081.5,1.1,8.5,-5.0,1835.2211,79.654106
638,1079.5,1081.5,1.1,8.5,-5.0,1834.7601,79.666336
639,1080.0,1081.5,1.1,8.5,-5.0,1834.2996,79.67858
640,1080.0,1081.5,1.1,8.5,-5.0,1833.8391,79.69082
641,1081.5,1083.0,1.1,8.5,-5.0,1833.379,79.70307
642,1081.0,1082.5,1.1,8.5,-5.0,1832.9192,79.715324
643,1081.0,1083.0,1.1,8.5,-5.0,1832.4597,79.72759
644,1081.0,1083.0,1.1,8.5,-5.0,1832.0004,79.73985
645,1080.5,1082.0,1.1,8.5,-5.0,1831.5414,79.75213
646,1079.0,1080.5,1.1,8.5,-5.0,1831.0826,79.764404
647,1078.5,1080.5,1.1,8.5,-5.0,1830.6241,79.776695
648,1080.5,1082.0,1.1,8.5,-5.0,1830.166,79.78899
649,1080.5,1082.5,1.1,8.5,-5.0,1829.708,79.801285
650,1080.5,1082.0,1.1,8.5,-5.0,1829.2504,79.81358
651,1080.0,1082.0,1.1,8.5,-5.0,1828.7931,79.8259
652,1082.5,1084.0,1.1,8.5,-5.0,1828.336,79.83821
653,1083.5,1085.0,1.1,8.5,-5.0,1827.8793,79.85053
654,1084.5,1086.0,1.1,8.5,-5.0,1827.4227,79.86286
655,1084.5,1086.0,1.1,8.5,-5.0,1826.9666,79.8752
656,1083.5,1085.0,1.1,8.5,-5.0,1826.5106,79.88754
657,1086.0,1087.5,1.1,8.5,-5.0,1826.055,79.89989
658,1086.5,1088.0,1.1,8.5,-5.0,1825.5997,79.91225
659,1086.0,1087.5,1.1,8.5,-5.0,1825.1448,79.92461
660,1085.0,1086.5,1.1,8.5,-5.0,1824.6901,79.93698
661,1086.0,1087.5,1.1,8.5,-5.0,1824.2356,79.949356
662,1086.0,1088.0,1.1,8.5,-5.0,1823.7815,79.96174
663,1084.5,1086.0,1.1,8.5,-5.0,1823.3278,79.97413
664,1083.5,1085.0,1.1,8.5,-5.0,1822.8743,79.98653
665,1085.0,1086.5,1.1,8.5,-5.0,1822.421,79.99893
666,1086.5,1088.0,1.1,8.5,-5.0,1821.9681,80.011345
667,1086.0,1088.0,1.1,8.5,-5.0,1821.5156,80.023766
668,1087.0,1088.5,1.1,8.5,-5.0,1821.0634,80.036194
669,1088.5,1090.0,1.1,8.5,-5.0,1820.6115,80.04863
670,1087.5,1089.0,1.1,8.5,-5.0,1820.1599,80.06107
671,1086.5,1088.0,1.1,8.5,-5.0,1819.7086,80.073524
672,1085.0,1086.5,1.1,8.5,-5.0,1819.2576,80.08598
673,1084.0,1085.5,1.1,8.5,-5.0,1818.807,80.09845
674,1084.0,1085.5,1.1,8.5,-5.0,1818.3567,80.11092
675,1084.0,1086.0,1.1,8.5,-5.0,1817.9067,80.123405
676,1084.0,1085.5,1.1,8.5,-5.0,1817.457,80.135895
677,1084.0,1085.5,1.1,8.5,-5.0,1817.0078,80.1484
678,1084.0,1085.5,1.1,8.5,-5.0,1816.5588,80.160904
679,1084.0,1085.5,1.1,8.5,-5.0,1816.1101,80.173416
680,1085.0,1086.5,1.1,8.5,-5.0,1815.6619,80.18594
681,1084.0,1085.5,1.1,8.5,-5.0,1815.2139,80.19847
682,1080.5,1082.0,1.1,8.5,-5.0,1814.7662,80.21101
683,1081.5,1083.0,1.1,8.5,-5.0,1814.319,80.223564
684,1082.5,1084.0,1.1,8.5,-5.0,1813.8721,80.23612
685,1082.0,1083.5,1.1,8.5,-5.0,1813.4254,80.24869
686,1081.0,1082.5,1.1,8.5,-5.0,1812.9792,80.26126
687,1081.5,1083.0,1.1,8.5,-5.0,1812.5333,80.27384
688,1080.5,1082.0,1.1,8.5,-5.0,1812.0878,80.28644
689,1080.5,1082.0,1.1,8.5,-5.0,1811.6427,80.299034
690,1081.0,1082.5,1.1,8.5,-5.0,1811.1979,80.311646
691,1080.0,1081.5,1.1,8.5,-5.0,1810.7534,80.324265
692,1079.5,1081.5,1.1,8.5,-5.0,1810.3093,80.33689
693,1079.0,1080.5,1.1,8.5,-5.0,1809.8656,80.34953
694,1079.0,1081.0,1.1,8.5,-5.0,1809.4221,80.362175
695,1080.0,1081.5,1.1,8.5,-5.0,1808.9791,80.37483
696,1080.0,1082.0,1.1,8.5,-5.0,1808.5365,80.3875
697,1077.0,1078.5,1.1,8.5,-5.0,1808.0942,80.40018
698,1075.0,1076.5,1.1,8.5,-5.0,1807.6523,80.41286
699,1075.5,1077.0,1.1,8.5,-5.0,1807.2109,80.42555
700,1075.5,1077.0,1.1,8.5,-5.0,1806.7698,80.438255
701,1074.0,1075.5,1.1,8.5,-5.0,1806.329,80.45097
702,1074.5,1076.0,1.1,8.5,-5.0,1805.8885,80.46369
703,1077.0,1078.5,1.1,8.5,-5.0,1805.4486,80.47643
704,1077.0,1078.5,1.1,8.5,-5.0,1805.009,80.489174
705,1076.0,1077.5,1.1,8.5,-5.0,1804.5697,80.50192
706,1076.0,1078.0,1.1,8.5,-5.0,1804.1309,80.51469
707,1076.0,1078.0,1.1,8.5,-5.0,1803.6925,80.527466
708,1075.0,1076.5,1.1,8.5,-5.0,1803.2544,80.540245
709,1076.0,1077.5,1.0,8.5,-5.0,1802.8168,80.55304
710,1075.5,1077.0,1.0,8.5,-5.0,1802.3794,80.56585
711,1075.5,1077.5,1.0,8.5,-5.0,1801.9426,80.57866
712,1075.5,1077.5,1.0,8.5,-5.0,1801.5061,80.591484
713,1076.0,1077.5,1.0,8.5,-5.0,1801.0701,80.604324
714,1076.0,1078.0,1.0,8.5,-5.0,1800.6343,80.61717
715,1078.5,1080.0,1.0,8.5,-5.0,1800.1991,80.63003
716,1077.5,1079.0,1.0,8.5,-5.0,1799.7642,80.6429
717,1075.0,1076.5,1.0,8.5,-5.0,1799.3297,80.65578
718,1074.5,1076.0,1.0,8.5,-5.0,1798.8958,80.66867
719,1075.5,1077.0,1.0,8.5,-5.0,1798.462,80.68157
720,1074.5,1076.0,1.0,8.5,-5.0,1798.0288,80.69448
721,1075.5,1077.0,1.0,8.5,-5.0,1797.5961,80.707405
722,1075.5,1077.0,1.0,8.5,-5.0,1797.1637,80.72034
723,1075.0,1076.5,1.0,8.5,-5.0,1796.7317,80.733284
724,1074.0,1075.5,1.0,8.5,-5.0,1796.3002,80.74624
725,1074.0,1076.0,1.0,8.5,-5.0,1795.869,80.75921
726,1074.0,1075.5,1.0,8.5,-5.0,1795.4384,80.772194
727,1073.0,1074.5,1.0,8.5,-5.5,1795.008,80.78519
728,1074.0,1075.5,1.0,8.5,-5.5,1794.5782,80.79819
729,1075.0,1076.5,1.0,8.5,-5.5,1794.1488,80.8112
730,1073.5,1075.0,1.0,8.5,-5.5,1793.7198,80.82423
731,1075.0,1076.5,1.0,8.5,-5.5,1793.2913,80.837265
732,1076.0,1077.5,1.0,8.5,-5.5,1792.8632,80.85032
733,1075.5,1077.5,1.0,8.5,-5.5,1792.4355,80.86338
734,1077.0,1078.5,1.0,8.5,-5.5,1792.0083,80.87646
735,1078.5,1080.0,1.0,8.5,-5.5,1791.5815,80.88954
736,1076.5,1078.0,1.0,8.5,-5.5,1791.1552,80.90264
737,1076.5,1078.5,1.0,8.5,-5.5,1790.7292,80.91575
738,1077.0,1078.5,1.0,8.5,-5.5,1790.3038,80.92888
739,1079.0,1080.5,1.0,8.5,-5.5,1789.8788,80.94201
740,1077.5,1079.0,1.0,8.5,-5.5,1789.4542,80.95516
741,1077.5,1079.0,1.0,8.5,-5.5,1789.0302,80.96832
742,1076.0,1077.5,1.0,8.5,-5.5,1788.6066,80.98149
743,1075.0,1076.5,1.0,8.5,-5.5,1788.1833,80.99468
744,1075.0,1076.5,1.0,8.5,-5.5,1787.7606,81.00788
745,1074.0,1075.5,1.0,8.5,-5.5,1787.3384,81.02109
746,1073.0,1074.5,1.0,8.5,-5.5,1786.9166,81.03432
747,1074.5,1076.0,1.0,8.5,-5.5,1786.4952,81.047554
748,1074.5,1076.0,1.0,8.5,-5.5,1786.0745,81.0608
749,1073.0,1074.5,1.0,8.5,-5.5,1785.654,81.074066
750,1074.5,1076.0,1.0,8.5,-5.5,1785.2341,81.08734
751,1073.0,1074.5,1.0,8.5,-5.5,1784.8146,81.10063
752,1075.0,1076.5,1.0,8.5,-5.5,1784.3956,81.11394
753,1074.5,1076.5,1.0,8.5,-5.5,1783.9772,81.12725
754,1074.5,1076.0,1.0,8.5,-5.5,1783.5591,81.14058
755,1075.5,1077.0,1.0,8.5,-5.5,1783.1416,81.15392
756,1076.0,1077.5,1.0,8.5,-5.5,1782.7245,81.16728
757,1076.0,1078.0,1.0,8.5,-5.5,1782.308,81.18065
758,1076.0,1077.5,1.0,8.5,-5.5,1781.8918,81.19404
759,1076.0,1077.5,1.0,8.5,-5.5,1781.4763,81.207436
760,1077.5,1079.0,1.0,8.5,-5.5,1781.0612,81.22085
761,1077.5,1079.5,1.0,8.5,-5.5,1780.6465,81.23427
762,1077.5,1079.5,1.0,8.5,-5.5,1780.2324,81.24771
763,1078.5,1080.0,1.0,8.5,-5.5,1779.8187,81.26116
764,1079.5,1081.0,1.0,8.5,-6.0,1779.4056,81.27463
765,1079.0,1081.0,1.0,8.5,-6.0,1778.993,81.28812
766,1080.5,1082.0,1.0,8.5,-6.0,1778.5808,81.301605
767,1079.5,1081.0,1.0,8.5,-6.0,1778.1692,81.31512
768,1079.0,1080.5,1.0,8.5,-6.0,1777.758,81.32864
769,1079.5,1081.0,1.0,8.5,-6.0,1777.3474,81.342186
770,1080.5,1082.0,1.0,8.5,-6.0,1776.9374,81.355736
771,1079.5,1081.0,1.0,8.5,-6.0,1776.5277,81.36931
772,1078.5,1080.0,1.0,8.5,-6.0,1776.1187,81.38289
773,1078.0,1080.0,1.0,8.5,-6.0,1775.7101,81.396484
774,1080.0,1081.5,1.0,8.5,-6.0,1775.302,81.410095
775,1079.5,1081.0,1.0,8.5,-6.0,1774.8944,81.42373
776,1079.5,1081.5,1.0,8.5,-6.0,1774.4874,81.43737
777,1081.0,1082.5,1.0,8.5,-6.0,1774.0809,81.45103
778,1081.0,1082.5,1.0,8.5,-6.0,1773.6749,81.4647
779,1078.0,1079.5,1.0,8.5,-6.0,1773.2695,81.478386
780,1077.5,1079.5,1.0,8.5,-6.0,1772.8646,81.49209
781,1078.5,1080.0,1.0,8.5,-6.0,1772.4602,81.505806
782,1076.0,1077.5,1.0,8.5,-6.0,1772.0563,81.51954
783,1075.0,1076.5,1.0,8.5,-6.0,1771.653,81.53329
784,1074.5,1076.5,1.0,8.5,-6.0,1771.2502,81.54705
785,1074.5,1076.0,1.0,8.5,-6.0,1770.8479,81.56083
786,1074.5,1076.5,1.0,8.5,-6.0,1770.4462,81.57462
787,1074.5,1076.5,1.0,8.5,-6.0,1770.045,81.58844
788,1075.5,1077.0,1.0,8.5,-6.0,1769.6444,81.602264
789,1075.0,1077.0,1.0,8.5,-6.0,1769.2443,81.616104
790,1076.5,1078.0,1.0,8.5,-6.0,1768.8447,81.62997
791,1077.5,1079.0,1.0,8.5,-6.0,1768.4457,81.64384
792,1078.0,1079.5,1.0,8.5,-6.0,1768.0472,81.65773
793,1077.5,1079.0,1.0,8.5,-6.0,1767.6494,81.67164
794,1077.0,1078.5,1.0,8.5,-6.0,1767.2521,81.68556
795,1076.0,1077.5,1.0,8.5,-6.0,1766.8552,81.6995
796,1077.0,1078.5,1.0,8.5,-6.0,1766.459,81.713455
797,1076.5,1078.0,1.0,8.5,-6.0,1766.0634,81.727425
798,1075.5,1077.0,1.0,8.5,-6.0,1765.6682,81.74141
799,1075.0,1076.5,1.0,8.5,-6.0,1765.2737,81.75542
800,1076.5,1078.0,1.0,8.5,-6.0,1764.8798,81.76944
801,1076.0,1077.5,1.0,8.5,-6.0,1764.4863,81.78348
802,1075.5,1077.0,1.0,8.5,-6.0,1764.0934,81.79753
803,1074.5,1076.0,1.0,8.5,-6.0,1763.7012,81.8116
804,1074.5,1076.0,1.0,8.5,-6.0,1763.3094,81.82569
805,1076.0,1077.5,1.0,8.5,-6.0,1762.9183,81.8398
806,1074.5,1076.0,1.0,8.5,-6.0,1762.5278,81.85392
807,1076.0,1077.5,1.0,8.5,-6.0,1762.1378,81.86806
808,1077.5,1079.0,1.0,8.5,-6.0,1761.7484,81.88221
809,1079.5,1081.0,1.0,8.5,-6.0,1761.3596,81.896385
810,1079.5,1081.0,1.0,8.5,-6.0,1760.9713,81.910576
811,1079.5,1081.0,1.0,8.5,-6.0,1760.5837,81.92478
812,1079.5,1081.0,1.0,8.5,-6.0,1760.1967,81.93901
813,1080.5,1082.0,1.0,8.5,-6.0,1759.8102,81.953255
814,1082.0,1083.5,1.0,8.5,-6.0,1759.4243,81.967514
815,1082.0,1083.5,1.0,8.5,-6.0,1759.0391,81.98179
816,1082.0,1083.5,1.0,8.5,-6.0,1758.6544,81.996086
817,1082.0,1083.5,1.0,8.5,-6.0,1758.2703,82.0104
818,1082.0,1083.5,1.0,8.5,-6.0,1757.8868,82.02473
819,1080.5,1082.0,1.0,8.5,-6.0,1757.5039,82.03908
820,1081.0,1082.5,1.0,8.5,-6.0,1757.1216,82.053444
821,1082.5,1084.0,1.0,8.5,-6.0,1756.74,82.06783
822,1083.5,1085.0,1.0,8.5,-6.0,1756.3589,82.08224
823,1082.0,1083.5,1.0,8.5,-6.0,1755.9784,82.09666
824,1083.0,1084.5,1.0,8.5,-6.0,1755.5985,82.1111
825,1084.5,1086.0,1.0,8.5,-6.0,1755.2194,82.12556
826,1085.0,1086.5,1.0,8.5,-6.0,1754.8407,82.14003
827,1086.5,1088.0,1.0,8.5,-6.0,1754.4626,82.154526
828,1086.5,1088.0,1.0,8.5,-6.0,1754.0853,82.16904
829,1086.5,1088.0,1.0,8.5,-6.0,1753.7085,82.18357
830,1087.0,1088.5,1.0,8.5,-6.0,1753.3324,82.19812
831,1086.5,1088.5,1.0,8.5,-6.0,1752.9568,82.21269
832,1086.5,1088.0,1.0,8.5,-6.0,1752.5819,82.22728
833,1086.5,1088.5,1.0,8.5,-6.0,1752.2076,82.24188
834,1085.5,1087.0,1.0,8.5,-6.0,1751.834,82.25651
835,1085.0,1086.5,1.0,8.5,-6.0,1751.461,82.27116
836,1085.0,1086.5,1.0,8.5,-6.0,1751.0886,82.28582
837,1085.5,1087.0,1.0,8.5,-6.0,1750.7169,82.3005
838,1085.0,1087.0,1.0,8.5,-6.0,1750.3458,82.3152
839,1085.0,1087.0,1.0,8.5,-6.0,1749.9753,82.329926
840,1086.0,1087.5,1.0,8.5,-6.0,1749.6055,82.344666
841,1085.5,1087.5,1.0,8.5,-6.0,1749.2363,82.35943
842,1085.0,1086.5,1.0,8.5,-6.0,1748.8678,82.37421
843,1084.0,1085.5,1.0,8.5,-6.0,1748.4999,82.389
844,1084.5,1086.0,1.0,8.5,-6.0,1748.1326,82.403824
845,1083.0,1084.5,1.0,8.5,-6.0,1747.766,82.41866
846,1083.5,1085.0,1.0,8.5,-6.0,1747.4,82.43352
847,1081.5,1083.0,1.0,8.5,-6.0,1747.0348,82.448395
848,1081.0,1082.5,1.0,8.5,-6.0,1746.6702,82.463295
849,1080.0,1081.5,1.0,8.5,-6.0,1746.3062,82.47821
850,1079.5,1081.0,1.0,8.5,-6.0,1745.9429,82.49315
851,1079.0,1080.5,1.0,8.5,-6.0,1745.5802,82.50811
852,1078.5,1080.0,1.0,8.5,-6.0,1745.2181,82.52309
853,1080.5,1082.0,1.0,8.5,-6.0,1744.8569,82.538086
854,1082.0,1083.5,1.0,8.5,-6.0,1744.4962,82.5531
855,1081.5,1083.0,1.0,8.5,-6.0,1744.1362,82.56814
856,1083.0,1084.5,1.0,8.5,-6.0,1743.7769,82.5832
857,1084.0,1085.5,1.0,8.5,-6.0,1743.4182,82.59828
858,1082.0,1083.5,1.0,8.5,-6.0,1743.0603,82.61338
859,1082.0,1083.5,1.0,8.5,-6.0,1742.703,82.6285
860,1082.0,1084.0,1.0,8.5,-6.0,1742.3463,82.64364
861,1082.0,1083.5,1.0,8.5,-6.0,1741.9905,82.658806
862,1081.0,1082.5,1.0,8.5,-6.0,1741.6351,82.67399
863,1081.0,1083.0,1.0,8.5,-6.0,1741.2806,82.68919
864,1081.0,1082.5,1.0,8.5,-6.0,1740.9268,82.704414
865,1081.0,1082.5,1.0,8.5,-6.0,1740.5735,82.719666
866,1080.5,1082.5,1.0,8.5,-6.0,1740.2211,82.73493
867,1080.5,1082.5,1.0,8.5,-6.0,1739.8693,82.75022
868,1080.5,1082.5,1.0,8.5,-6.0,1739.5181,82.765526
869,1082.0,1083.5,1.0,8.5,-6.0,1739.1676,82.78086
870,1083.0,1084.5,1.0,8.5,-6.0,1738.818,82.79621
871,1085.0,1086.5,1.0,8.5,-6.0,1738.4689,82.811584
872,1084.0,1085.5,1.0,8.5,-6.0,1738.1206,82.82698
873,1083.5,1085.0,1.0,8.5,-6.0,1737.773,82.8424
874,1084.5,1086.0,1.0,8.5,-6.0,1737.426,82.85784
875,1084.0,1086.0,1.0,8.5,-6.0,1737.0798,82.8733
876,1086.0,1087.5,1.0,8.5,-6.0,1736.7344,82.88878
877,1085.5,1087.0,1.0,8.5,-6.0,1736.3895,82.90429
878,1085.0,1086.5,1.0,8.5,-6.0,1736.0454,82.919815
879,1085.0,1086.5,1.0,8.5,-6.0,1735.702,82.935356
880,1084.5,1086.5,1.0,8.5,-6.0,1735.3594,82.95093
881,1084.0,1085.5,1.0,8.5,-6.0,1735.0175,82.96652
882,1085.5,1087.0,1.0,8.5,-6.0,1734.6763,82.98214
883,1086.0,1087.5,1.0,8.5,-6.0,1734.3358,82.99777
884,1086.0,1087.5,1.0,8.5,-6.0,1733.9961,83.013435
885,1085.0,1086.5,1.0,8.5,-6.0,1733.657,83.02911
886,1085.5,1087.0,1.0,8.5,-6.0,1733.3187,83.04482
887,1085.5,1087.0,1.0,8.5,-6.0,1732.9811,83.06055
888,1087.0,1088.5,1.0,8.5,-6.0,1732.6443,83.076294
889,1086.5,1088.5,1.0,8.5,-6.0,1732.3081,83.092064
890,1086.5,1088.0,1.0,8.5,-6.0,1731.9728,83.107864
891,1086.5,1088.0,1.0,8.5,-6.0,1731.6381,83.12368
892,1085.5,1087.0,1.0,8.5,-6.0,1731.3042,83.13952
893,1085.5,1087.0,1.0,8.5,-6.0,1730.9711,83.15539
894,1085.0,1087.0,1.0,8.5,-6.0,1730.6385,83.17127
895,1083.0,1084.5,1.0,8.5,-6.0,1730.3069,83.18718
896,1082.5,1084.5,1.0,8.5,-6.0,1729.976,83.20311
897,1081.5,1083.0,1.0,8.5,-5.5,1729.6459,83.21907
898,1082.0,1083.5,1.0,8.5,-5.5,1729.3164,83.23505
899,1082.5,1084.0,1.0,8.5,-5.5,1728.9877,83.25105
900,1083.0,1084.5,1.0,8.5,-5.5,1728.6598,83.267075
901,1082.5,1084.0,1.0,8.5,-5.5,1728.3326,83.28313
902,1083.0,1084.5,1.0,8.5,-5.5,1728.0062,83.2992
903,1082.5,1084.5,1.0,8.5,-5.5,1727.6805,83.3153
904,1082.5,1084.0,1.0,8.5,-5.5,1727.3556,83.33142
905,1082.0,1084.0,1.0,8.5,-5.5,1727.0315,83.347565
906,1082.0,1083.5,1.0,8.5,-5.5,1726.7081,83.36373
907,1081.0,1082.5,1.0,8.5,-5.5,1726.3856,83.37993
908,1081.0,1082.5,1.0,8.5,-5.5,1726.0637,83.39614
909,1079.0,1080.5,1.0,8.5,-5.5,1725.7427,83.412384
910,1079.0,1080.5,1.0,8.5,-5.5,1725.4224,83.42865
911,1078.5,1080.5,1.0,8.5,-5.5,1725.1029,83.44494
912,1078.0,1079.5,1.0,8.5,-5.5,1724.7842,83.46125
913,1077.5,1079.0,1.0,8.5,-5.5,1724.4662,83.477585
914,1076.0,1077.5,1.0,8.5,-5.5,1724.149,83.49395
915,1076.5,1078.0,1.0,8.5,-5.5,1723.8326,83.51034
916,1078.0,1079.5,1.0,8.5,-5.5,1723.5171,83.52675
917,1076.5,1078.0,1.0,8.5,-5.5,1723.2023,83.54318
918,1076.0,1077.5,1.0,8.5,-5.5,1722.8882,83.55964
919,1076.0,1077.5,1.0,8.5,-5.5,1722.575,83.576126
920,1076.0,1077.5,1.0,8.5,-5.5,1722.2626,83.592636
921,1075.0,1076.5,1.0,8.5,-5.5,1721.9509,83.60918
922,1076.0,1077.5,1.0,8.5,-5.5,1721.64,83.62573
923,1076.0,1077.5,1.0,8.5,-5.5,1721.33,83.64232
924,1076.5,1078.0,1.0,8.5,-5.5,1721.0208,83.65893
925,1076.5,1078.0,1.0,8.5,-5.5,1720.7123,83.67556
926,1075.0,1076.5,1.0,8.5,-5.5,1720.4045,83.69222
927,1076.5,1078.0,1.0,8.5,-5.5,1720.0978,83.70891
928,1076.5,1078.5,1.0,8.5,-5.5,1719.7917,83.72562
929,1076.5,1078.5,1.0,8.5,-5.5,1719.4865,83.742355
930,1077.5,1079.0,1.0,8.5,-5.5,1719.182,83.75912
931,1077.0,1078.5,1.0,8.5,-5.5,1718.8784,83.77591
932,1076.5,1078.5,1.0,8.5,-5.5,1718.5757,83.79272
933,1077.0,1078.5,1.0,8.5,-5.5,1718.2737,83.80956
934,1077.0,1079.0,1.0,8.5,-5.5,1717.9725,83.82642
935,1077.5,1079.0,1.0,8.5,-5.5,1717.6721,83.843315
936,1077.0,1078.5,1.0,8.5,-5.5,1717.3727,83.86023
937,1077.5,1079.0,1.0,8.5,-5.5,1717.074,83.877174
938,1077.5,1079.0,1.0,8.5,-5.5,1716.776,83.89414
939,1077.0,1078.5,1.0,8.5,-5.5,1716.479,83.91114
940,1077.0,1079.0,1.0,8.5,-5.5,1716.1829,83.92816
941,1078.0,1079.5,1.0,8.5,-5.5,1715.8875,83.945206
942,1077.5,1079.5,1.0,8.5,-5.5,1715.5929,83.96228
943,1077.0,1078.5,1.0,8.5,-5.5,1715.2992,83.97938
944,1077.0,1078.5,1.0,8.5,-5.5,1715.0063,83.996506
945,1076.5,1078.0,1.0,8.5,-5.5,1714.7142,84.013664
946,1077.0,1078.5,1.0,8.5,-5.5,1714.4231,84.03084
947,1077.5,1079.0,1.0,8.5,-5.5,1714.1327,84.04805
948,1078.5,1080.0,1.0,8.5,-5.5,1713.8433,84.06528
949,1078.5,1080.0,1.0,8.5,-5.5,1713.5546,84.08254
950,1079.5,1081.0,1.0,8.5,-5.5,1713.2667,84.09983
951,1078.5,1080.0,1.0,8.5,-5.5,1712.9797,84.11714
952,1078.5,1080.0,1.0,8.5,-5.5,1712.6937,84.13448
953,1078.5,1080.5,1.0,8.5,-5.5,1712.4084,84.15185
954,1078.5,1080.5,1.0,8.5,-5.5,1712.124,84.16924
955,1076.0,1077.5,1.0,8.5,-5.5,1711.8405,84.18667
956,1076.0,1078.0,1.0,8.5,-5.5,1711.5579,84.20412
957,1076.0,1078.0,1.0,8.5,-5.5,1711.276,84.221596
958,1075.0,1076.5,1.0,8.5,-5.5,1710.995,84.2391
959,1073.5,1075.0,1.0,8.5,-5.5,1710.715,84.25663
960,1073.5,1075.0,1.0,8.5,-5.5,1710.4358,84.27419
961,1072.5,1074.0,1.0,8.5,-5.5,1710.1573,84.29178
962,1071.0,1072.5,1.0,8.5,-5.5,1709.8799,84.309395
963,1071.0,1072.5,1.0,8.5,-5.5,1709.6033,84.32704
964,1071.0,1073.0,1.0,8.5,-5.5,1709.3275,84.34471
965,1071.5,1073.0,1.0,8.5,-5.5,1709.0527,84.36241
966,1071.5,1073.0,1.0,8.5,-5.5,1708.7787,84.380135
967,1073.0,1074.5,1.0,8.5,-5.5,1708.5056,84.39789
968,1074.0,1075.5,1.1,8.5,-5.5,1708.2334,84.41567
969,1074.0,1075.5,1.1,8.5,-5.5,1707.9622,84.43349
970,1076.5,1078.0,1.1,8.5,-5.5,1707.6917,84.451324
971,1079.0,1080.5,1.1,8.5,-5.5,1707.4221,84.46919
972,1076.5,1078.0,1.1,8.5,-5.5,1707.1534,84.48709
973,1074.5,1076.0,1.1,8.5,-5.5,1706.8856,84.50501
974,1073.0,1074.5,1.1,8.5,-5.5,1706.6188,84.522964
975,1074.5,1076.0,1.1,8.5,-5.5,1706.3528,84.54095
976,1074.5,1076.0,1.1,8.5,-5.5,1706.0878,84.55896
977,1073.5,1075.0,1.1,8.5,-5.5,1705.8236,84.576996
978,1073.5,1075.0,1.1,8.5,-5.5,1705.5603,84.59507
979,1073.5,1075.0,1.1,8.5,-5.5,1705.2979,84.61317
980,1073.5,1075.5,1.1,8.5,-5.5,1705.0364,84.63129
981,1073.5,1075.0,1.1,8.5,-5.5,1704.7759,84.649445
982,1072.5,1074.0,1.1,8.5,-5.5,1704.5162,84.667625
983,1073.5,1075.0,1.1,8.5,-5.5,1704.2574,84.685844
984,1073.5,1075.0,1.1,8.5,-5.5,1703.9996,84.70409
985,1073.5,1075.5,1.1,8.5,-5.5,1703.7427,84.72236
986,1073.0,1074.5,1.1,8.5,-5.5,1703.4867,84.74066
987,1072.5,1074.5,1.1,8.5,-5.5,1703.2316,84.75899
988,1071.5,1073.0,1.1,8.5,-5.5,1702.9774,84.77735
989,1071.5,1073.0,1.1,8.5,-5.5,1702.7242,84.79574
990,1073.0,1074.5,1.1,8.5,-5.5,1702.4719,84.814156
991,1073.0,1074.5,1.1,8.5,-5.5,1702.2205,84.83261
992,1071.5,1073.0,1.1,8.5,-5.5,1701.9701,84.85109
993,1071.0,1072.5,1.1,8.5,-5.5,1701.7206,84.8696
994,1070.5,1072.0,1.1,8.5,-5.5,1701.4719,84.88814
995,1070.0,1071.5,1.1,8.5,-5.5,1701.2242,84.9067
996,1071.0,1072.5,1.1,8.5,-5.5,1700.9775,84.9253
997,1071.0,1073.0,1.1,8.5,-5.5,1700.7317,84.94393
998,1071.0,1072.5,1.1,8.5,-5.5,1700.4869,84.96259
999,1069.5,1071.0,1.1,8.5,-5.5,1700.2429,84.98128
